{"train_steps_per_second":0.083,"train_samples_per_second":5.334,"total_flos":1.923417608552448e+16,"train/learning_rate":4.083614997507645e-11,"train/ns_loss":0.5081,"train_loss":0.5494658360088885,"_step":286,"train_runtime":34383.6465,"train/ce_loss":1.1648,"train/epoch":3,"train/global_step":2868,"train/grad_norm":1.4294827112911548,"_timestamp":1.7550432259235117e+09,"train/s_loss":0.3965,"_wandb":{"runtime":34396},"_runtime":34396,"train/suppressed_mass":0.3138,"train/loss":0.5146}