{"eval/samples_per_second":12.148,"eval/steps_per_second":3.037,"_timestamp":1.7551444862562752e+09,"train/s_loss":0.1973,"train/learning_rate":4.083614997507645e-11,"_step":342,"eval/loss":0.21272216737270355,"train/grad_norm":0.5381047338814376,"train_runtime":38546.6894,"train_steps_per_second":0.074,"eval/runtime":82.3209,"train_samples_per_second":4.758,"train/ce_loss":8.4339,"total_flos":1.931988228164813e+16,"train/loss":0.2018,"_wandb":{"runtime":38565},"train/epoch":3,"train/global_step":2868,"_runtime":38565,"train_loss":0.22906977362213773}