{"train/s_loss":0.4668,"train_loss":0.6888691961999033,"train_runtime":33846.5611,"train_steps_per_second":0.075,"eval/samples_per_second":14.677,"train/ns_loss":0.3538,"eval/runtime":68.1345,"total_flos":1.932079727326003e+16,"_runtime":33856,"train/ce_loss":1.0284,"eval/loss":0.7101550698280334,"_step":307,"train/learning_rate":0,"train/support_size":1.5,"train/epoch":3,"eval/steps_per_second":2.451,"train/global_step":2550,"_timestamp":1.755105855069208e+09,"train/loss":0.6314,"train/grad_norm":3.4903409908255805,"train/suppressed_mass":0.2532,"_wandb":{"runtime":33856},"train_samples_per_second":5.419}