{"train/grad_norm":0.46958693861961365,"_timestamp":1.7546536796218016e+09,"_runtime":120452,"_wandb":{"runtime":120452},"_step":139,"train_samples_per_second":1.523,"total_flos":7.2660165963776e+13,"train_loss":3.1606133333567916,"train/loss":3.4739,"train/learning_rate":1.0830822041230091e-11,"train/epoch":3,"train/global_step":1392,"train_runtime":120420.1532,"train_steps_per_second":0.012}