{"train/loss":3.4429,"train_steps_per_second":0.012,"_runtime":118178,"total_flos":7.2660165963776e+13,"train_loss":3.1077023230749985,"_timestamp":1.754771957753271e+09,"train_runtime":118140.8541,"train/epoch":3,"train/learning_rate":1.0830822041230091e-11,"_wandb":{"runtime":118178},"_step":139,"train/global_step":1392,"train/grad_norm":0.4280450940132141,"train_samples_per_second":1.552}