{"_step":139,"train_samples_per_second":1.539,"_timestamp":1.7548912966099546e+09,"train/grad_norm":0.42522481083869934,"total_flos":7.2660165963776e+13,"train/learning_rate":1.0830822041230091e-11,"train/global_step":1392,"_wandb":{"runtime":119278},"train_steps_per_second":0.012,"train/epoch":3,"train_runtime":119175.0698,"train_loss":3.008808878989055,"_runtime":119278,"train/loss":3.3681}